,RS
chr8:133462953,rs186841658
chr2:91635413,rs1000009255
chr9:25963828,rs72712605
chr1:17764169,rs562688713
chr12:41767967,rs60157841
chr4:49530811,rs1619736
chr2:96519717,rs4063028
chr7:116910447,rs34422456
chr18:56742728,rs59195785
chr3:75912490,rs201748152
chr6:78992097,rs1093586
chr7:78732800,rs4730648
chr15:85468137,rs28529444
chr13:19312573,rs77941704
chr14:24068020,rs12886579
chr9:140296542,rs974310680
chr1:10890345,rs493666
chr3:75679619,rs78937738
chr2:3319086,rs59392025
chr2:209699852,rs367720129
chr11:110920906,rs115751651
chr1:154878500,rs567096182
chr10:123125444,rs535490049
chr1:121480527,rs77886006
chr2:92322759,rs368029143
chr3:33980894,rs530445370
chr21:9675408,rs371869343
chr19:45860157,rs188284016
chr10:66790532,rs142430469
chr10:2847215,rs116349348
chr1:2621945,rs762873013
chr2:83681303,rs139271808
chr18:29758507,rs559609053
chr3:75790820,rs74778923
chr3:74772047,rs140981909
chr1:202143512,rs12401678
chr20:29434600,rs77905624
chr17:65191968,rs67485445
chr17:20769690,rs77472832
chr11:8222552,rs10743060
chr10:42670060,rs200717511
chr20:29430341,rs62197672
chr19:19365233,rs145597525
chr9:46434422,rs692693
chr7:64570438,rs112499964
chr6:95669569,rs9345546
chr6:87719930,rs371128521
chr21:33452974,rs915530
chr9:130881114,rs113732963
chr5:81360433,rs576927859
chr5:75229506,rs138300618
chr17:16067382,rs73280278
chr17:22066835,rs147079852
chr2:132769081,rs113944910
chr10:113578542,rs12764684
chr10:42389627,rs12241135
chr1:152255404,rs554545632
chr9:68451543,rs115283382
chr9:27901523,rs144765894
chr3:50121995,rs6783825
chr9:69876282,rs80275550
chr20:4813598,rs78524253
chr5:123618908,rs11953978
chr1:121372560,rs61805247
chr1:209147965,rs548477726
chr7:151986763,rs78468912
chr4:95889514,rs573809287
chr8:46853023,rs4326400
chr3:74676813,rs146370353
chr4:49218918,rs75642664
chr9:45352362,rs4929116
chr9:68687665,rs200746274
chr16:2007386,rs2531327
chr15:78153736,rs185502504
chr9:69800646,rs3927540
chr9:68435428,rs76195423
chr10:63567742,rs140881920
chr12:53195877,rs10876349
chr16:9620341,rs13333047
chr10:42646988,rs112048231
chr19:4035923,rs111211910
chr5:93197031,rs6556838
chr2:91765437,rs78456047
chr15:78361173,rs11630083
chr4:115441933,rs199546479
chr11:114760067,rs2514444
chr22:45280273,rs184547417
chr11:2830565,rs11024175
chr3:75343128,rs762725227
chr3:35149197,rs113535801
chr3:86097067,rs186931345
chr3:86097061,rs192698980
chr7:61065157,rs79988814
chr1:202130166,rs4420146
chr9:69065706,rs75610022
chr10:75909400,rs141579015
chr12:27588216,rs2947176
chr2:165591505,rs2219120
chr4:190840249,rs73021089
chr15:20356143,rs62009188
chr6:170775637,rs796374611
chr4:65223734,rs10029512
chr7:142478530,rs376782342
chr19:40937160,rs117394770
chr5:137301920,rs11242402
chr20:24831146,rs187465674
chr4:68509113,rs1394556966
chr8:114920432,rs201043251
chr9:21948639,rs114355080
chr22:25226662,rs376116071
chr22:25226663,rs370844974
chr8:133434812,rs140866095
chr6:31484732,rs3034201
chr20:12203985,rs1446539928
chr10:94166253,rs185065878
chr4:172578583,rs558159729
chr19:4980982,rs1391992970
chr3:74931582,rs777313428
chr1:143124805,rs75162982
chr10:118897621,rs115988300
chr1:202135137,rs12691508
chr1:152285789,rs144189912
chr2:166522930,rs111162545
chr15:24591383,rs61994727
chr10:132556328,rs192688368
chr2:83696199,rs141584437
chr6:81512921,rs1177070468
chr20:10566682,rs1312888415
chr3:75803924,rs199997561
chr17:25279151,rs73323556
chr4:144896338,rs61652960
chr3:75716961,rs79508915
chr4:190860900,rs375414464
chr4:49630246,rs112994666
chr22:18726055,rs78999217
chr12:128030186,rs868345337
chr10:132563999,rs185337182
chr9:68468168,rs1554652680
chr20:25758251,rs78206556
chr3:191831331,rs12638858
chr7:61971642,rs200533833
chr3:86567571,rs17362997
chr19:20749906,rs201518888
chr11:68902740,rs114109036
chr10:5001653,rs6601880
chr8:46852364,rs8185899
chr3:3782668,rs6809148
chr3:75903302,rs72900749
chr15:71708610,rs201979470
chr14:39509238,rs535368183
chr14:32979670,rs11628317
chr1:88812727,rs4328055
chr2:135589129,rs76253839
chr15:24618453,rs61994756
chr8:9167827,rs556220824
chr3:45750731,rs951266012
chr10:132560540,rs148636652
chr13:26574243,rs1324403
chr6:57529708,rs113180895
chr5:6971076,rs1736431493
chr20:62757785,rs1763016
chr4:49602599,rs74411654
chr16:82889990,rs75341976
chr6:95646228,rs9363245
chr21:22610877,rs199968620
chr18:14867120,rs79197506
chr10:66809166,rs114638033
chr5:123738925,rs10478614
chr12:105480313,rs10861349
chr17:20778848,rs200749782
chr21:9497244,rs371970500
chr3:3745392,rs73119272
chr7:57613522,rs73351571
chr2:209699874,rs372181084
chr1:819858,rs145624831
chr3:124845764,rs537332429
chr21:10153520,rs377165705
chr8:46853299,rs8188615
chr7:38477073,rs557136102
chr2:135721175,rs16831203
chr20:44386382,rs201572187
chr5:51124422,rs79388854
chr4:190840322,rs79045215
chr12:53197957,rs7303726
chr2:92315886,rs201507865
chr17:11305371,rs7223512
chr4:184772445,rs202197074
chr10:66864416,rs191181410
chr4:189363499,rs556655885
chr17:21551983,rs75478011
chr5:78885455,rs56882244
chr20:53403490,rs157633
chr6:95661404,rs6455012
chr6:153750112,rs73014472
chr9:67791029,rs76566690
chr7:61835688,rs375698348
chr6:57482346,rs78209385
chr9:1686060,rs77168679
chr16:14063860,rs558946638
chr10:64591249,rs114969407
chr2:176623311,rs5836507
chr1:152395564,rs114686354
chr2:92313129,rs4291683
chr9:68436750,rs200977909
chr2:87089092,rs79872535
chr11:20639062,rs16906566
chr6:71647946,rs9455256
chr8:96479250,rs187333682
chr11:100217945,rs557047
chr7:61077251,rs201640808
chr8:9394871,rs546657974
chr19:32504936,rs187783281
chr16:32427006,rs146887759
chr7:61842476,rs10225637
chr3:185700982,rs148195747
chr1:38934871,rs6671626
chr16:46437407,rs77629622
chr17:20784107,rs77756002
chr16:22835324,rs62048138
chr9:38279948,rs112690957
chr10:95289,rs74113794
chr2:92305939,rs76562439
chr19:4245811,rs396413
chr1:149408204,rs587735273
chr12:68585235,rs11177092
chr15:27676596,rs1397213412
chr4:97916536,rs114795211
chr20:47132505,rs66568028
chr5:122577304,rs375945460
chr1:144015041,rs4564163
chr16:32843557,rs79746419
chr10:12818121,rs61847426
chr2:193301036,rs17381310
chr18:29774776,rs114475672
chr6:121073528,rs12189636
chr5:1796121,rs112209632
chr15:44861299,rs574411205
chr5:99418740,rs72769558
chr3:96250606,rs140890649
chr17:21334759,rs78185529
chr10:22459957,rs1387302359
chr1:142575129,rs372774905
chr3:40632555,rs79321242
chr7:57918156,rs34439087
chr3:12588356,rs924616954
chr5:126021935,rs56359218
chr3:75836278,rs201386600
chr10:42380751,rs62651162
chr10:39046508,rs186980066
chr8:37202618,rs459037
chr1:143516295,rs112877957
chr4:190820298,rs77880698
chr2:241242331,rs73999369
chr2:241242332,rs73999370
chr7:76792320,rs183031085
chr18:29762480,rs112544643
chr9:167111,rs2261091
chr19:4546004,rs556834736
chr5:69380555,rs150492
chr12:38208896,rs75204218
chr19:28671592,rs146345285
chr8:15418315,rs145095653
chr2:90451277,rs3955662
chr5:75232136,rs143352779
chr11:4464749,rs2554921
chr17:15464147,rs375941490
chr11:87110849,rs142784827
chr3:154153075,rs367916460
chr10:108808535,rs17121987
chr19:4278502,rs4807567
chr1:85023237,rs147415231
chr10:107428761,rs59190282
chr10:107428762,rs59996365
chr11:56527091,rs4255552
chr9:68337543,rs2083521
chr16:18765355,rs943590275
chr10:105720542,rs77781340
chr9:99986764,rs200041651
chr2:630555,rs115910474
chr10:42769080,rs371322755
chr1:48212615,rs10789515
chr16:2394832,rs137902355
chr1:83758864,rs369915874
chr9:66507197,rs200529147
chr6:57448537,rs9885877
chr2:154257322,rs112045453
chr9:66469729,rs7035014
chr1:814244,rs185093448
chr20:10697678,rs1052875623
chr8:84943467,rs539800666
chr10:49864260,rs10857616
chr4:190876955,rs75126280
chr16:14095497,rs140450712
chr4:190556140,rs2598680
chr1:28174526,rs149941751
chr4:49098849,rs111204129
chr4:117175886,rs111841031
chr20:4813937,rs73893842
chr14:54291181,rs184772529
chr16:32850062,rs199782049
chr4:125261530,rs62321974
chr18:29754492,rs149642384
chr18:15180798,rs202169988
chr18:29755075,rs139174693
chr16:9621251,rs143468922
chr1:24057357,rs184828647
chr15:77393780,rs773218126
chr2:10155545,rs74171476
chr9:15984098,rs368773464
chr14:36490375,rs73246551
chr6:57472841,rs6917391
chr6:95676216,rs9363261
chr11:109446555,rs4444046
chr9:69019136,rs78435785
chr16:68497531,rs201562873
chr4:164556674,rs7442057
chr16:19717582,rs142650764
chr10:2563561,rs144216482
chr20:25734784,rs76106942
chr7:57630128,rs77053826
chr1:152274259,rs534919442
chr21:10153473,rs372980604
chr3:80316867,rs13064754
chr9:68403886,rs79941426
chr1:28261682,rs145465203
chr5:86514035,rs1011358537
chr11:20656182,rs79771048
chr1:157131579,rs1571044
chr3:114638331,rs56835069
chr4:31852586,rs112463301
chr2:92313114,rs6594190
chr5:51161015,rs80084977
chr9:68500280,rs117956138
chr13:100042644,rs113755163
chr22:27854694,rs738572
chr22:44508971,rs62227677
chr11:20639043,rs16906564
chr20:25748116,rs78169683
chr22:24786835,rs75848429
chr2:89083459,rs74725538
chr10:121974998,rs11199221
chr17:25278217,rs79846530
chr8:80259779,rs79550370
chr9:78821235,rs72740905
chr16:83680776,rs564237714
chr10:66737523,rs78731787
chr10:61167232,rs142626861
chr10:61112521,rs187586816
chr9:68408699,rs74621706
chr4:190818654,rs202205215
chr18:29764767,rs112127895
chr5:77393207,rs4703750
chr5:130068709,rs377375880
chr7:62322613,rs369179715
chr8:133427936,rs113806728
chr10:135449735,rs77491001
chr21:11162744,rs10439775
chr6:81091642,rs113913343
chr2:230373622,rs113350983
chr1:30484065,rs76323562
chr21:11027735,rs470688
chr1:158196211,rs116660890
chr1:142898807,rs79871735
chr2:176568554,rs113156852
chr8:70815608,rs35585667
chr3:110677390,rs7634788
chr4:49622637,rs113748053
chr13:77010027,rs78019772
chr4:97933367,rs144911782
chr18:29488804,rs12326860
chr1:158195988,rs115697892
chr13:113643975,rs9577414
chr5:3971433,rs796166170
chr2:92315350,rs200219274
chr22:42141117,rs143014050
chr6:119078646,rs115111882
chr5:107869047,rs139432616
chr4:49302354,rs10433794
chr19:5325548,rs546946981
chr11:89308032,rs72969130
chr8:20035945,rs772194244
chr9:33798073,rs747749652
chr9:106406987,rs57731353
chr20:22999172,rs117934132
chr6:115237279,rs10872130
chr22:25226663,rs370844974
chr18:14869074,rs201750363
chr10:76407287,rs180892203
chr1:38934792,rs6686116
chr3:86458621,rs146634160
chr8:4039695,rs73182319
chr8:4039697,rs73658441
chr7:64570374,rs78468109
chr20:22976046,rs77763235
chr19:4576534,rs920937162
chr5:75220835,rs143309042
chr11:20638832,rs4922792
chr1:121376591,rs61806328
chr19:32424928,rs368758558
chr5:75233087,rs80230056
chr7:151981359,rs28651602
chr15:35738419,rs61075510
chr22:16904315,rs73158086
chr10:134824630,rs200294270
chr9:66507150,rs74614666
chr10:132976716,rs143192906
chr2:92180983,rs200068118
chr13:88759804,rs72630623
chr17:72720155,rs192720366
chr2:76751510,rs77737294
chr21:34424410,rs1020801414
chr6:44264681,rs62402438
chr2:41747478,rs201533345
chr10:21990585,rs990350466
chr7:156787327,rs77083187
chr16:32828346,rs79815383
chr2:95514727,rs112507790
chr16:60794,rs62028707
chr20:25739265,rs78239816
chr10:76225440,rs143389530
chr10:61094267,rs7906698
chr11:106580904,rs190054980
chr17:12395848,rs79528992
chr16:34174610,rs201938394
chr19:15784799,rs183005668
chr19:15784801,rs188753582
chr22:20341762,rs1601253239
chr12:53198899,rs10876352
chr21:9461760,rs369670053
chr7:10411201,rs113517356
chr16:13998276,rs551693882
chr3:12508272,rs1031882972
chr18:28930643,rs8084199
chr8:23479247,rs937060873
chr2:216241781,rs12472383
chr2:151866631,rs7571714
chr3:45357312,rs925871200
chr3:80314873,rs4561792
chr5:16226,rs79695930
chr9:139673383,rs2811773
chr6:154846330,rs201262280
chr5:13011775,rs111956576
chr1:152395302,rs115429085
chr2:90475565,rs1241497747
chr19:4242521,rs353695
chr6:37545157,rs138499802
chr1:237254730,rs6686490
chr6:88461128,rs4707396
chr21:27744437,rs111578724
chr7:149744531,rs34447086
chr1:156839022,rs2768754
chr3:88710522,rs9876331
chr5:38862425,rs2937443
chr7:64570441,rs111510867
chr8:70759241,rs189600599
chr2:92315349,rs201792243
chr2:92315350,rs200219274
chr18:43457230,rs8096842
chr2:219971526,rs13408337
chr6:41187036,rs200749123
chr6:41187037,rs9381044
chr20:26142995,rs73350637
chr21:10134992,rs369141373
chr3:5574766,rs577268074
chr9:45352511,rs377675295
chr2:77748781,rs139031845
chr16:33918547,rs78457494
chr3:80316505,rs34165082
chr19:32543912,rs907942802
chr18:77365992,rs112705021
chr20:24838576,rs188133832
chr20:24838577,rs11698140
chr16:46415496,rs28819153
chr2:90440875,rs1553431806
chr6:157707337,rs797028943
chr5:75231514,rs138985412
chr1:121376135,rs372110500
chr6:65389190,rs148559219
chr19:44916319,rs379952
chr1:86002669,rs78811681
chr1:86002670,rs957997158
chr2:92284539,rs142411768
chr7:61816932,rs6945831
chr10:2842100,rs60439282
chr4:190514084,rs62325977
chr21:9564595,rs376721535
chr1:142926603,rs199611036
chr14:95888120,rs72692747
chr18:10413506,rs148109603
chr10:135399043,rs371075211
chr2:95514744,rs76288170
chr10:63805168,rs192772116
chr2:132812839,rs62162533
chr20:10411415,rs1204074590
chr7:61973197,rs78842381
chr3:101226767,rs529809725
chr8:46851976,rs80228500
chr11:87097366,rs117375796
chr9:66515583,rs78345874
chr3:114644927,rs72958297
chr20:26058013,rs6051132
chr2:92308850,rs201901888
chr7:84964012,rs1487833378
chr7:84964013,rs1184461525
chr6:156333097,rs9384414
chr5:71064155,rs143841197
chr6:70153927,rs7762838
chr1:83758875,rs374098635
chr15:24561590,rs61994679
chr16:32438807,rs796912597
chr20:29587092,rs199689956
chr10:131690573,rs79276734
chr5:151859976,rs374900380
chr7:30802329,rs10261665
chr2:219971530,rs13396442
chr20:50184300,rs73130881
chr19:24078236,rs182019759
chr4:98200886,rs140109820
chr7:61664715,rs377577268
chr5:25079742,rs138921124
chr2:236098237,rs6717706
chr16:9628891,rs9922344
chr4:4227934,rs374499188
chr9:69014543,rs148537691
chr15:20119035,rs77783224
chr22:24786840,rs148072989
chr1:149574819,rs3977515
chr7:123687629,rs13245820
chr10:14211116,rs111633423
chr14:63862582,rs111067984
chr7:61077808,rs77286545
chr18:15085619,rs12958533
chr18:65913836,rs2319209
chr5:12995938,rs16902361
chr1:27615593,rs71514287
chr21:39994906,rs394938
chr6:32512638,rs76833484
chr6:32512639,rs79995957
chr19:4243792,rs353694
chr8:4713810,rs7822695
chr3:175308041,rs71629260
chr15:91216775,rs190737749
chr15:91216776,rs201849091
chr21:10141911,rs375005566
chr11:2858546,rs2237897
chr11:2858547,rs999894077
chr17:22249489,rs6420460
chr3:75914438,rs79757251
chr2:203762649,rs139325756
chr2:203762650,rs1303346501
chr18:75398008,rs938716796
chr1:26921907,rs182364561
chr14:39498219,rs537210380
chr6:21606648,rs558364398
chr17:45214682,rs62075622
chr17:11312635,rs77531835
chr5:807842,rs399536
chr2:97912760,rs373148646
chr1:67308913,rs6667411
chr4:190860169,rs74762626
chr1:12940412,rs5012896
chr4:174916149,rs112361107
chr18:21655669,rs1302108175
chr11:363705,rs117368990
chr5:143357949,rs62375491
chr2:90440881,rs13384321
chr16:14027938,rs3136144
chr10:5889453,rs4428973
chr11:51590432,rs112571588
chr3:74679297,rs550520421
chr3:74679298,rs6777937
chr18:75435897,rs978345074
chr3:162471646,rs9879426
chr3:33011587,rs79963719
chr3:129347585,rs113428236
chr20:29456751,rs2379813
chr3:129352775,rs80033623
chr14:107105502,rs4043729
chr14:107105503,rs4043728
chr18:29762997,rs115964649
chr8:37417160,rs112767247
chr18:14182707,rs75437129
chr15:78367776,rs191421244
chr4:179783753,rs942237883
chr2:83463165,rs182837311
chr1:143395212,rs78115675
chr5:75231448,rs75911566
chr10:61084367,rs143774761
chr6:36344829,rs142716089
chr20:62720190,rs75730108
chr7:5890153,rs308077
chr4:138909352,rs147764314
chr10:42360883,rs200438047
chr7:61667561,rs377051960
chr2:133348851,rs55650749
chr1:143448348,rs7411931
chr10:42395049,rs78731277
chr2:90431373,rs371280739
chr2:90431374,rs374438184
chr18:15060137,rs73421300
chr14:24068018,rs429734
chr6:170653258,rs7766096
chr12:41767965,rs60553799
chr5:81873095,rs149198863
chr8:70813844,rs11784462
chr19:5190973,rs1262866730
chr6:45924966,rs77367479
chr7:61067326,rs200790329
chr19:23093093,rs764556891
chr19:23093095,rs181754763
chr7:61667804,rs370526525
chr9:32730791,rs9696848
chr9:32730792,rs868401423
chr20:25754756,rs76339741
chr2:95612894,rs186148812
chr17:25278216,rs76896264
chr17:25278217,rs79846530
chr20:4813252,rs7263558
chr16:8216408,rs2360847
chr16:8216409,rs2360848
chr12:68585235,rs11177092
chr12:68585237,rs11177093
chr4:49622591,rs200332068
chr12:9649812,rs188688912
chr19:27733559,rs76721407
chr15:49089694,rs188101277
chr15:71506852,rs112584646
chr11:175543,rs200932452
chr17:21554342,rs74685880
chr10:61246637,rs147578050
chr17:22245017,rs75281283
chr17:22245018,rs78080437
chr15:96023936,rs28625076
chr5:122577279,rs373232582
chr9:68672476,rs200524328
chr9:68504240,rs201324762
chr17:21529833,rs75825619
chr2:223019832,rs7563484
chr10:116532517,rs899112853
chr5:127815045,rs998905
chr5:92552182,rs201524795
chr1:17002499,rs3982040
chr8:43835716,rs79217583
chr13:109449334,rs7992994
chr13:109449335,rs7993305
chr12:53195455,rs73100475
chr5:114737203,rs56061844
chr15:56608492,rs371381315
chr10:56485658,rs887974479
chr2:1148576,rs4411732
chr5:75228232,rs117950410
chr17:32403030,rs2079154
chr20:50175535,rs4140467
chr20:26235263,rs73357502
chr16:86713635,rs451836
chr21:34506464,rs144816681
chr17:25302567,rs80324311
chr17:15868329,rs188085686
chr21:10156703,rs368677099
chr14:107105503,rs4043728
chr7:61971641,rs79214046
chr7:61971642,rs200533833
chr16:86714205,rs387953
chr8:7404949,rs62639832
chr11:97227369,rs2059621
chr4:8581425,rs6817643
chr3:75764436,rs79150384
chr3:75764437,rs76524228
chr7:57921203,rs113595132
chr20:10093257,rs1032349581
chr11:45836996,rs61884498
chr7:151957978,rs73730005
chr20:25744780,rs150688643
chr7:61976715,rs184345136
chr10:61119416,rs143827483
chr4:190198736,rs62344360
chr3:83999564,rs7645935
chr5:137332882,rs62381759
chr2:95642808,rs180707307
chr10:77093141,rs374746005
chr2:92324676,rs6421817
chr7:151941917,rs4024448
chr7:152568711,rs200965595
chr7:65058642,rs62472292
chr2:91599280,rs13405255
chr16:544844,rs201399049
chr21:10030769,rs796234961
chr4:181784699,rs13109385
chr4:181784701,rs201541704
chr4:181784702,rs866107887
chr3:74669407,rs78245712
chr9:69081923,rs78124746
chr3:33376660,rs926895114
chr21:10148902,rs368070814
chr13:63617656,rs75306493
chr2:90372081,rs373065498
chr22:36673358,rs11089786
chr6:120756365,rs185341201
chr1:48196380,rs11211597
chr18:75359004,rs932733801
chr9:69634756,rs150770607
chr13:100003066,rs79559909
chr3:114638505,rs12106903
chr20:24853428,rs144828109
chr19:34109339,rs1226343562
chr20:26189370,rs200978358
chr18:29775998,rs559974648
chr19:27737779,rs78653538
chr19:27737780,rs551662538
chr10:51948737,rs75320537
chr19:15784799,rs183005668
chr4:187034388,rs200082230
chr11:68894908,rs75840048
chr11:68894909,rs7129324
chr16:33846918,rs199651534
chr10:61131384,rs142401022
chr7:61976068,rs11971103
chr5:123614329,rs17502254
chr8:86573110,rs146309231
chr3:129347610,rs113954114
chr15:62191328,rs374590148
chr14:28279117,rs73242821
chr1:58739732,rs200958699
chr17:21209577,rs61297031
chr1:147851700,rs140816830
chr15:24591729,rs61994728
chr4:97933605,rs149255342
chr5:16460,rs74642720
chr7:111370265,rs78811106
chr10:123191820,rs182780772
chr8:1879973,rs5013951
chr5:107679341,rs146445026
chr7:61077833,rs372473680
chr3:114638415,rs60416262
chr10:15653812,rs2044893
chr10:15653813,rs374820904
chr3:75105173,rs549680008
chr4:97934669,rs140052827
chr7:57905772,rs367670515
chr17:21228605,rs1657664
chr2:135610007,rs79472142
chr10:42378779,rs201799667
chr7:152084966,rs373287800
chr5:75230976,rs79227258
chr5:75230977,rs73117009
chr9:44123900,rs76983936
chr13:19646338,rs77621335
chr17:22249835,rs75282570
chr21:10153373,rs773439600
chr16:14008839,rs183815177
chr3:129359012,rs113094874
chr10:61219610,rs189698974
chr10:76303284,rs138890766
chr4:190656764,rs4368655
chr4:190867188,rs75716292
chr1:10895904,rs183638159
chr5:123411080,rs112387881
chr12:53196303,rs923722
chr4:172986805,rs6553606
chr20:10544584,rs1268223101
chr3:10281200,rs1199732940
chr11:25435300,rs28633912
chr10:107428762,rs59996365
chr2:135666945,rs79100316
chr21:11058226,rs4913558
chr21:11058229,rs2775344
chr2:809335,rs11127516
chr1:239472058,rs200972500
chr20:26251980,rs76959733
chr9:67326551,rs200195321
chr9:67326552,rs201170541
chr14:40102857,rs373321375
chr9:707064,rs147254720
chr11:26066615,rs1387505
chr11:61778091,rs1451677282
chr2:96381093,rs539349208
chr6:58775623,rs76114505
chr4:49180986,rs6838854
chr7:61800922,rs77491246
chr2:83685703,rs117414455
chr8:96636221,rs191571632
chr2:132783213,rs199965065
chr3:123912059,rs116290935
chr21:9648893,rs77414519
chr21:9971066,rs1243158579
chr5:108779801,rs371214627
chr4:13693978,rs73106641
chr21:42020025,rs75849032
chr9:1678137,rs117504784
chr10:135449846,rs74360679
chr7:129408594,rs144999646
chr4:81590299,rs796216822
chr16:103517,rs183360
chr18:29761954,rs113032588
chr9:68697290,rs1484688209
chr18:29770751,rs116113957
chr3:80319476,rs4479553
chr17:103839,rs75187233
chr16:18029324,rs147168727
chr9:68438424,rs147494053
chr11:89308027,rs72969129
chr9:44327304,rs78018841
chr3:86048371,rs138145024
chr9:38303825,rs371518097
chr2:91662849,rs10900635
chr8:90168060,rs439198
chr11:68890034,rs12578006
chr7:30630491,rs11975715
chr18:536487,rs199752810
chr9:70932019,rs4962007
chr5:148758183,rs2227468
chr20:22971680,rs534182827
chr9:78822412,rs72740907
chr1:16834865,rs371621993
chr17:21547110,rs73313309
chr9:77812099,rs10869520
chr16:46403251,rs4580191
chr4:10839999,rs2869755
chr7:57922694,rs200350072
chr5:61894207,rs28673493
chr18:76130387,rs75931005
chr1:235650369,rs572085138
chr11:48771041,rs9734237
chr18:8621317,rs11664847
chr1:16981152,rs11260866
chr15:34163723,rs367825041
chr3:86630917,rs114317458
chr2:10247322,rs143949571
chr17:21535233,rs111499215
chr9:68392495,rs142091998
chr1:28168031,rs138065067
chr16:2007391,rs2754184
chr14:28328538,rs200547945
chr18:75320841,rs931691795
chr13:74682115,rs892673774
chr7:57728358,rs372102683
chr16:1235792,rs28645191
chr1:152384764,rs77366590
chr16:33044267,rs75411687
chr10:124502623,rs192199679
chr19:5187017,rs1260636751
chr4:190230233,rs370010381
chr10:63804249,rs116741624
chr4:183537539,rs111652139
chr7:134729658,rs13311389
chr12:38502943,rs78034969
chr6:13149321,rs55855346
chr3:75912708,rs77026309
chr4:190512733,rs62341008
chr10:61108674,rs182628025
chr19:20472073,rs12710114
chr8:43794326,rs200595160
chr10:108833976,rs72812922
chr20:25736455,rs77334657
chr11:120855337,rs142031364
chr1:5716437,rs77505388
chr17:18930659,rs200039222
chr1:28266957,rs56156615
chr1:28266958,rs370161336
chr8:58127912,rs73605847
chr13:112290416,rs28699486
chr1:202133524,rs12024991
chr4:73266189,rs62651498
chr17:16096557,rs79639990
chr8:13076892,rs1540879
chr9:69470434,rs2663400
chr4:189718077,rs77145364
chr17:21552239,rs78315926
chr3:129439906,rs57388036
chr2:76699249,rs1882235
chr15:20124735,rs61999255
chr3:143168893,rs62637148
chr10:42404585,rs150966789
chr3:129350751,rs1316964
chr10:131686390,rs80290554
chr1:143487103,rs140681905
chr18:18518805,rs74192689
chr18:15173962,rs192082186
chr11:77659727,rs73501816
chr20:32074430,rs6059346
chr2:95525540,rs75702445
chr18:29754675,rs112040828
chr4:174720351,rs13116097
chr18:18513400,rs7351021
chr18:18513401,rs1312841295
chr10:76322159,rs188413025
chr17:20784106,rs79332284
chr17:20784107,rs77756002
chr10:64615759,rs142248942
chr15:22533044,rs12915595
chr2:115129526,rs180801965
chr11:87102080,rs150570836
chr10:66813184,rs188010278
chr13:42113805,rs112407796
chr4:190840245,rs76382344
chr7:63221029,rs374576988
chr15:96023494,rs2052650
chr10:42535910,rs202159476
chr10:73292484,rs9663492
chr4:68837742,rs150689695
chr6:165743113,rs528772
chr6:165743115,rs688805
chr13:24718135,rs11843576
chr11:68899450,rs3019754
chr15:20106431,rs61998043
chr6:77613242,rs375640787
chr10:22347127,rs931470021
chr10:39048551,rs139894615
chr10:39048552,rs147659977
chr3:129453798,rs6439197
chr4:128561751,rs538456041
chr11:2825279,rs2074197
chr21:18746599,rs193193304
chr9:21946196,rs73652807
chr9:68694865,rs150000084
chr18:15169034,rs77951011
chr16:33037976,rs142220668
chr12:129948681,rs10847883
chr10:132560815,rs139042873
chr11:2858440,rs2237896
chr16:29632744,
chr1:2055735,rs61776563
chr15:20175254,rs79636786
chr1:243016268,rs147669163
chr11:13024439,rs7106167
chr1:48874129,rs12723829
chr3:80324492,rs73113746
chr1:158166397,rs114762764
chr9:137356613,rs78520906
chr16:62783842,rs867069198
chr10:60444660,rs201166900
chr7:26973897,rs113672254
chr5:10882426,rs74934251
chr7:390213,rs375990835
chr19:27870797,rs3990602
chr20:11817669,rs546685784
chr4:84674135,rs72657302
chr10:76112590,rs188718693
chr6:62773255,rs145918627
chr6:37047011,rs1168600408
chr3:83721732,rs188193787
chr9:67335851,rs3882291
chr9:68728651,rs190476451
chr12:53198353,rs7304240
chr5:38722363,rs78133738
chr16:33965812,rs77236716
chr16:33965813,rs76394418
chr3:129437479,rs6439195
chr10:76284007,rs184325260
chr2:241242331,rs73999369
chr2:241242332,rs73999370
chr19:56561120,rs1000290566
chr10:39108597,rs199582064
chr2:2869243,rs62637988
chr8:65461774,rs74510471
chr1:142544870,rs4997868
chr3:80314233,rs78459329
chr6:70153946,rs9346279
chr20:26085757,rs79762938
chr10:45061923,rs10160108
chr6:31326612,rs2523596
chr6:31326613,rs9266277
chr10:28000436,rs56013705
chr10:61094304,rs7905758
chr4:117175645,rs372353962
chr5:127750603,rs111448433
chr15:62833740,rs142126303
chr1:152389050,rs115777297
chr11:175855,rs369777956
chr4:49287847,rs1577653721
chr5:109351988,rs1840554
chr5:109351989,rs111486671
chr4:190830473,rs200630266
chr2:236228364,rs2316026
chr2:236228365,rs2316027
chr12:55985505,rs370329546
chr2:98333598,rs548063319
chr1:244703307,rs12758857
chr10:8703762,rs827384
chr1:202147456,rs35994064
chr4:49111396,rs111215559
chr3:113852462,rs373970334
chr4:49299408,rs200794797
chr5:126026009,rs78611544
chr1:28265165,rs148510874
chr7:62322704,rs374490017
chr6:57432511,rs74866884
chr19:5147864,rs955390503
chr9:1667961,rs117393666
chr7:142786651,rs139100151
chr9:68692515,rs187642454
chr12:53198338,rs7304571
chr6:37571581,rs79419953
chr20:52032232,rs75918499
chr20:52032233,rs76177469
chr20:26104019,rs377548750
chr20:50189624,rs6013222
chr1:143276644,rs61786162
chr16:9536673,rs75522413
chr20:25734788,rs79562010
